LA,LS,HR,Predicted,Z,Model_Season,Predict_Season
"(15,20]","(90,95]",0,0.6959329892568704,-0.834225982127667,2015,2016
"(15,20]","(95,100]",1,4.317340209930841,-1.5965476192540125,2015,2016
"(15,20]","(100,105]",33,47.400448321289744,-2.0916296438977833,2015,2016
"(15,20]","(105,110]",120,158.31232428814263,-3.0449568140330303,2015,2016
"(15,20]","(110,115]",60,74.95240905521054,-1.7271035288243013,2015,2016
"(20,25]","(90,95]",8,12.168757859783486,-1.195043035931454,2015,2016
"(20,25]","(95,100]",104,121.70245294386599,-1.6046627929401063,2015,2016
"(20,25]","(100,105]",611,623.8467530355663,-0.5143448738580513,2015,2016
"(20,25]","(105,110]",607,624.2245550899619,-0.6894100159278426,2015,2016
"(20,25]","(110,115]",139,135.0033636802737,0.34397140163064577,2015,2016
"(25,30]","(90,95]",65,49.43315702176971,2.2140701206440867,2015,2016
"(25,30]","(95,100]",384,383.1140785905474,0.04526172913415432,2015,2016
"(25,30]","(100,105]",957,961.1548845478837,-0.13401773440628825,2015,2016
"(25,30]","(105,110]",549,532.5657914836729,0.7121347189338475,2015,2016
"(25,30]","(110,115]",69,70.2728066641535,-0.15183391516348632,2015,2016
"(30,35]","(90,95]",81,57.68913610840147,3.069102202445056,2015,2016
"(30,35]","(95,100]",348,303.34119979412225,2.5641377417122646,2015,2016
"(30,35]","(100,105]",574,555.0532318841906,0.8042069501661603,2015,2016
"(30,35]","(105,110]",272,268.6373249544287,0.20516426745927077,2015,2016
"(30,35]","(110,115]",32,31.04110890848623,0.17210784633315918,2015,2016
"(35,40]","(90,95]",37,24.96318316161529,2.409137958122771,2015,2016
"(35,40]","(95,100]",122,116.00858414722818,0.556268414566322,2015,2016
"(35,40]","(100,105]",203,212.87840439457204,-0.6770503981657939,2015,2016
"(35,40]","(105,110]",102,98.77396450542452,0.3245995389919242,2015,2016
"(35,40]","(110,115]",3,3.781627129680837,-0.4019391155399522,2015,2016
"(40,45]","(90,95]",6,4.664711912118542,0.6182477735054249,2015,2016
"(40,45]","(95,100]",20,20.327536753247415,-0.07264699626370355,2015,2016
"(40,45]","(100,105]",49,37.31982156378799,1.9119639445471164,2015,2016
"(40,45]","(105,110]",18,15.862205182454868,0.5367650599956525,2015,2016
"(15,20]","(90,95]",2,0.7043503490080213,1.543807744819211,2015,2017
"(15,20]","(95,100]",4,4.780031796815023,-0.35677705279880456,2015,2017
"(15,20]","(100,105]",42,45.27168684812715,-0.4862486289224383,2015,2017
"(15,20]","(105,110]",164,156.14937026777767,0.6282527180501336,2015,2017
"(15,20]","(110,115]",69,77.75902805023547,-0.9933001599450058,2015,2017
"(20,25]","(90,95]",8,12.188943954956528,-1.1998349539338777,2015,2017
"(20,25]","(95,100]",130,125.1474712198557,0.43376757109899805,2015,2017
"(20,25]","(100,105]",679,629.2277684249514,1.9841896183509176,2015,2017
"(20,25]","(105,110]",613,583.8020513419176,1.2084245292537326,2015,2017
"(20,25]","(110,115]",112,107.73541729435185,0.41086324537413,2015,2017
"(25,30]","(90,95]",87,48.254129055779806,5.577738980438918,2015,2017
"(25,30]","(95,100]",465,384.1651988186011,4.12419664388946,2015,2017
"(25,30]","(100,105]",974,890.8191327043494,2.786946785140114,2015,2017
"(25,30]","(105,110]",515,495.75667834003815,0.8642626654335261,2015,2017
"(25,30]","(110,115]",80,78.1627464581325,0.2078113136738637,2015,2017
"(30,35]","(90,95]",89,58.50980238341138,3.9860792001784877,2015,2017
"(30,35]","(95,100]",371,327.5855895006157,2.3986755807778244,2015,2017
"(30,35]","(100,105]",701,616.0184644995348,3.423952325398923,2015,2017
"(30,35]","(105,110]",257,252.1531555203799,0.3052297641172425,2015,2017
"(30,35]","(110,115]",36,35.123576395678725,0.14788179053863165,2015,2017
"(35,40]","(90,95]",33,26.581939163171636,1.244831299794981,2015,2017
"(35,40]","(95,100]",154,109.24270084822001,4.282206999651756,2015,2017
"(35,40]","(100,105]",228,213.24885123625427,1.0101421487932982,2015,2017
"(35,40]","(105,110]",94,90.49600708274566,0.36833968378220094,2015,2017
"(35,40]","(110,115]",9,11.098868346293065,-0.6300076861669639,2015,2017
"(40,45]","(90,95]",5,4.480279098680186,0.24553739749899767,2015,2017
"(40,45]","(95,100]",32,18.877210244662994,3.0203499466151147,2015,2017
"(40,45]","(100,105]",43,35.779187812389715,1.207176605049074,2015,2017
"(40,45]","(105,110]",12,15.768155151468184,-0.9489390833642861,2015,2017
"(40,45]","(110,115]",2,3.255885767831632,-0.6960101278560437,2015,2017
"(15,20]","(90,95]",1,0.7169806052138492,0.3342431333908949,2015,2018
"(15,20]","(95,100]",2,4.61768836588652,-1.218163640576575,2015,2018
"(15,20]","(100,105]",35,47.58073503914409,-1.8238555640260128,2015,2018
"(15,20]","(105,110]",100,143.46531236077726,-3.6288527912537565,2015,2018
"(15,20]","(110,115]",56,84.6279296801793,-3.1119533892204485,2015,2018
"(20,25]","(90,95]",5,12.230487879674683,-2.067500920875515,2015,2018
"(20,25]","(95,100]",111,135.1014664016473,-2.0735448605164706,2015,2018
"(20,25]","(100,105]",521,648.663521348205,-5.012531117862253,2015,2018
"(20,25]","(105,110]",601,658.8470376539134,-2.253662222780514,2015,2018
"(20,25]","(110,115]",146,147.61105871190694,-0.13260256354169278,2015,2018
"(25,30]","(90,95]",55,48.031191014578035,1.0055342844467716,2015,2018
"(25,30]","(95,100]",380,394.2173668825286,-0.7160630998235367,2015,2018
"(25,30]","(100,105]",948,995.4062709027636,-1.5025730937548967,2015,2018
"(25,30]","(105,110]",551,544.5665904322012,0.2756866295235422,2015,2018
"(25,30]","(110,115]",99,97.58568872564267,0.1431699712129059,2015,2018
"(30,35]","(90,95]",92,56.19188845842396,4.776882994578782,2015,2018
"(30,35]","(95,100]",346,349.0396203121109,-0.16269791005687856,2015,2018
"(30,35]","(100,105]",599,619.3174603464664,-0.8164183523742076,2015,2018
"(30,35]","(105,110]",311,313.29147748789165,-0.12946169969277085,2015,2018
"(30,35]","(110,115]",34,33.05756482305865,0.16391400392631758,2015,2018
"(35,40]","(90,95]",21,25.750556675591046,-0.9361623968632901,2015,2018
"(35,40]","(95,100]",123,129.63964140452086,-0.5831438690499614,2015,2018
"(35,40]","(100,105]",208,228.91573053881876,-1.382404756432181,2015,2018
"(35,40]","(105,110]",97,105.25770784468861,-0.804882638077306,2015,2018
"(35,40]","(110,115]",9,10.272798567004559,-0.39711408538866777,2015,2018
"(40,45]","(90,95]",6,4.967865155582647,0.4630752185060545,2015,2018
"(40,45]","(95,100]",21,21.934328236212476,-0.19949742972278822,2015,2018
"(40,45]","(100,105]",35,44.4592044961383,-1.418645127127123,2015,2018
"(40,45]","(105,110]",16,21.76648377680055,-1.235995631548017,2015,2018
"(40,45]","(110,115]",1,2.5356693833186825,-0.9643871442822836,2015,2018
"(15,20]","(90,95]",2,0.9113827626649774,1.1403149064392288,2015,2019
"(15,20]","(95,100]",5,7.069918565744379,-0.7784774808208335,2015,2019
"(15,20]","(100,105]",59,71.58913169263445,-1.4878948110849786,2015,2019
"(15,20]","(105,110]",190,226.60639092294238,-2.4317607043622247,2015,2019
"(15,20]","(110,115]",102,116.88872361451031,-1.37711801572027,2015,2019
"(20,25]","(90,95]",12,14.654686192370937,-0.6934656112340081,2015,2019
"(20,25]","(95,100]",177,159.033402267267,1.4246942421940856,2015,2019
"(20,25]","(100,105]",752,740.1146414660166,0.43688062949100753,2015,2019
"(20,25]","(105,110]",712,706.7917168818034,0.1959065057581942,2015,2019
"(20,25]","(110,115]",201,197.5671518835781,0.24422899327384692,2015,2019
"(25,30]","(90,95]",77,49.7478053186026,3.863798946111762,2015,2019
"(25,30]","(95,100]",465,419.14671083055805,2.2396876895355557,2015,2019
"(25,30]","(100,105]",1170,1052.1364059793746,3.6336547092437264,2015,2019
"(25,30]","(105,110]",577,553.2089708928477,1.0115063681344771,2015,2019
"(25,30]","(110,115]",125,122.2422519789087,0.24942725694313628,2015,2019
"(30,35]","(90,95]",99,56.70823991177241,5.616072115158796,2015,2019
"(30,35]","(95,100]",357,323.27407301519816,1.875765128923691,2015,2019
"(30,35]","(100,105]",658,629.2005121273057,1.1481277959627605,2015,2019
"(30,35]","(105,110]",338,337.5530910610888,0.024324728225877053,2015,2019
"(30,35]","(110,115]",51,50.44926461428796,0.07753817261739011,2015,2019
"(35,40]","(90,95]",37,21.8415043435067,3.2435069286638103,2015,2019
"(35,40]","(95,100]",126,116.94731447553771,0.837109570758463,2015,2019
"(35,40]","(100,105]",235,244.18835111190216,-0.5879970013339598,2015,2019
"(35,40]","(105,110]",99,116.07223721441306,-1.584624108139449,2015,2019
"(35,40]","(110,115]",11,11.103550922923983,-0.031075850943848907,2015,2019
"(40,45]","(90,95]",4,4.618412698733049,-0.2877610633664736,2015,2019
"(40,45]","(95,100]",24,20.05036561917924,0.8820551631589016,2015,2019
"(40,45]","(100,105]",44,35.692879922027,1.3904638191435426,2015,2019
"(40,45]","(105,110]",18,23.236153488750535,-1.0862511528025873,2015,2019
"(40,45]","(110,115]",4,3.153093737619109,0.4769434657788841,2015,2019
"(15,20]","(90,95]",0,0.3453015660409182,-0.5876236602119747,2015,2020
"(15,20]","(95,100]",1,2.2305394351150496,-0.82393050657501965,2015,2020
"(15,20]","(100,105]",6,24.82992655829652,-3.778860924691048,2015,2020
"(15,20]","(105,110]",46,73.91263856685221,-3.246695349644745,2015,2020
"(15,20]","(110,115]",23,38.18714283805068,-2.457635630537402,2015,2020
"(20,25]","(90,95]",3,4.608498866587153,-0.749274610709103,2015,2020
"(20,25]","(95,100]",42,61.985479989851044,-2.538455759464755,2015,2020
"(20,25]","(100,105]",194,279.93100381554297,-5.135992541103647,2015,2020
"(20,25]","(105,110]",239,261.30114323119074,-1.3796104397514444,2015,2020
"(20,25]","(110,115]",52,55.98757017310926,-0.5329206254706309,2015,2020
"(25,30]","(90,95]",18,17.552800962405527,0.10674011002506371,2015,2020
"(25,30]","(95,100]",164,143.5860347368659,1.70361427438574,2015,2020
"(25,30]","(100,105]",403,380.0864959252238,1.1753042032933294,2015,2020
"(25,30]","(105,110]",238,226.39947361216966,0.7709744572832702,2015,2020
"(25,30]","(110,115]",39,38.08197843891373,0.14876238413930468,2015,2020
"(30,35]","(90,95]",32,20.840660470601012,2.444458971359269,2015,2020
"(30,35]","(95,100]",147,118.40928284196848,2.627436167234029,2015,2020
"(30,35]","(100,105]",235,231.44167078270428,0.23389737548074996,2015,2020
"(30,35]","(105,110]",132,125.92792346063821,0.5410983583154706,2015,2020
"(30,35]","(110,115]",19,18.531838593265007,0.10875177521996025,2015,2020
"(35,40]","(90,95]",12,8.799318424215045,1.078991324807306,2015,2020
"(35,40]","(95,100]",60,44.5853630195223,2.3085386387638347,2015,2020
"(35,40]","(100,105]",75,89.66417568424644,-1.5486318071883955,2015,2020
"(35,40]","(105,110]",51,47.45856040705289,0.514070352801907,2015,2020
"(35,40]","(110,115]",5,4.674719405054775,0.15044590864492924,2015,2020
"(40,45]","(90,95]",1,1.6244898689511151,-0.4899670710605001,2015,2020
"(40,45]","(95,100]",13,8.066497691683418,1.7370520368885565,2015,2020
"(40,45]","(100,105]",17,16.085337778853575,0.22805817726733585,2015,2020
"(40,45]","(105,110]",15,11.419611651775215,1.0595085545680474,2015,2020
"(15,20]","(90,95]",0,0.8998354050177578,-0.9485965449113537,2015,2021
"(15,20]","(95,100]",2,6.702546094290471,-1.816406956541579,2015,2021
"(15,20]","(100,105]",15,67.0785265950102,-6.358679438921,2015,2021
"(15,20]","(105,110]",127,245.0011950653413,-7.5388014304961315,2015,2021
"(15,20]","(110,115]",79,130.47785016289703,-4.506631056837838,2015,2021
"(20,25]","(90,95]",3,13.258238261902145,-2.817279092097847,2015,2021
"(20,25]","(95,100]",81,147.0841130282408,-5.448967058358508,2015,2021
"(20,25]","(100,105]",501,729.8086188318482,-8.46969722796785,2015,2021
"(20,25]","(105,110]",683,799.669911309193,-4.125755525951447,2015,2021
"(20,25]","(110,115]",211,206.67785986517967,0.3006435326038141,2015,2021
"(25,30]","(90,95]",37,46.849542632592815,-1.4390085906138765,2015,2021
"(25,30]","(95,100]",327,387.45366142579775,-3.0712327112228235,2015,2021
"(25,30]","(100,105]",910,986.2735776871164,-2.4287086445983253,2015,2021
"(25,30]","(105,110]",680,679.3805863406786,0.0237642554407031,2015,2021
"(25,30]","(110,115]",144,140.7959547825828,0.27002473457880155,2015,2021
"(30,35]","(90,95]",62,48.20197606314287,1.9873962804356329,2015,2021
"(30,35]","(95,100]",263,318.24379952150485,-3.096731595111052,2015,2021
"(30,35]","(100,105]",618,651.1547710285613,-1.2992834886861715,2015,2021
"(30,35]","(105,110]",408,392.57606371556045,0.7784546450977264,2015,2021
"(30,35]","(110,115]",71,70.92856756553695,0.008481738074385016,2015,2021
"(35,40]","(90,95]",22,24.0279580578289,-0.4137143034157862,2015,2021
"(35,40]","(95,100]",106,112.35483283749878,-0.5995263173749383,2015,2021
"(35,40]","(100,105]",238,260.3283635467549,-1.3838727270634428,2015,2021
"(35,40]","(105,110]",142,156.80520783884955,-1.1823179068725043,2015,2021
"(35,40]","(110,115]",21,19.356562321911685,0.37354172883270564,2015,2021
"(40,45]","(90,95]",1,4.121902067857349,-1.5376958447889564,2015,2021
"(40,45]","(95,100]",26,20.276038335803293,1.2711744776084983,2015,2021
"(40,45]","(100,105]",49,51.81799300584136,-0.3914710194739974,2015,2021
"(40,45]","(105,110]",25,28.872256003756945,-0.7206488565295662,2015,2021
"(40,45]","(110,115]",5,3.801702166783726,0.6145761873191753,2015,2021
"(15,20]","(90,95]",1,0.8851956530743417,0.12202215652670809,2015,2022
"(15,20]","(95,100]",2,6.565958176545054,-1.7818981341329365,2015,2022
"(15,20]","(100,105]",13,67.9041836777387,-6.66280606607941,2015,2022
"(15,20]","(105,110]",93,232.29838667453103,-9.139511628290371,2015,2022
"(15,20]","(110,115]",49,106.12969838290337,-5.545535198882503,2015,2022
"(20,25]","(90,95]",1,14.458951156238983,-3.5395073761779696,2015,2022
"(20,25]","(95,100]",72,157.18567755186874,-6.794540572885405,2015,2022
"(20,25]","(100,105]",405,707.7193850485809,-11.37914644758062,2015,2022
"(20,25]","(105,110]",632,750.5221705702415,-4.326311972573433,2015,2022
"(20,25]","(110,115]",184,188.50823782252007,-0.3283535011613657,2015,2022
"(25,30]","(90,95]",35,47.89833741815878,-1.86368931069189,2015,2022
"(25,30]","(95,100]",274,418.90115474545803,-7.079719768990835,2015,2022
"(25,30]","(100,105]",860,1028.6363093507323,-5.257994940642151,2015,2022
"(25,30]","(105,110]",640,631.7549950425039,0.3280322772557421,2015,2022
"(25,30]","(110,115]",94,91.93747264927691,0.21510645145539453,2015,2022
"(30,35]","(90,95]",43,51.10957432118033,-1.1343496108222908,2015,2022
"(30,35]","(95,100]",254,318.86146729902663,-3.632333774725439,2015,2022
"(30,35]","(100,105]",582,680.8528171125095,-3.7884575996559806,2015,2022
"(30,35]","(105,110]",338,352.66642866318864,-0.7809843194816486,2015,2022
"(30,35]","(110,115]",61,63.99147708263642,-0.37395953636349033,2015,2022
"(35,40]","(90,95]",17,26.159207365543892,-1.790793879212816,2015,2022
"(35,40]","(95,100]",125,121.89325801535313,0.28139433105576517,2015,2022
"(35,40]","(100,105]",190,228.74674858572087,-2.5618741992254934,2015,2022
"(35,40]","(105,110]",118,135.1793653785809,-1.47758309917958,2015,2022
"(35,40]","(110,115]",14,13.871836735731272,0.03441094312677707,2015,2022
"(40,45]","(90,95]",0,4.3763596376285605,-2.0919750566458863,2015,2022
"(40,45]","(95,100]",11,20.911302624452553,-2.1674056104095123,2015,2022
"(40,45]","(100,105]",43,45.969891230923835,-0.43802994984400034,2015,2022
"(40,45]","(105,110]",29,31.504705617517384,-0.4462404931391723,2015,2022
"(40,45]","(110,115]",2,4.695087876449744,-1.24380147589619,2015,2022
"(15,20]","(90,95]",0,0.7765934368195723,-0.8812453896728041,2015,2023
"(15,20]","(95,100]",1,6.67293502687591,-2.196086091495112,2015,2023
"(15,20]","(100,105]",30,75.72506744444325,-5.2545377966611175,2015,2023
"(15,20]","(105,110]",98,251.86438391287942,-9.69515424878978,2015,2023
"(15,20]","(110,115]",83,131.08454566210753,-4.199811228138156,2015,2023
"(20,25]","(90,95]",4,13.993074808507131,-2.6714223838429763,2015,2023
"(20,25]","(95,100]",76,153.35131874772196,-6.246316193340919,2015,2023
"(20,25]","(100,105]",494,756.2527249390004,-9.536445544089943,2015,2023
"(20,25]","(105,110]",705,828.211841110403,-4.281359824695963,2015,2023
"(20,25]","(110,115]",203,200.8291679736382,0.15318379535745186,2015,2023
"(25,30]","(90,95]",35,51.20798179164869,-2.26495777631227,2015,2023
"(25,30]","(95,100]",344,419.2804371368614,-3.676459892829843,2015,2023
"(25,30]","(100,105]",946,1055.38531240801,-3.3670804143344575,2015,2023
"(25,30]","(105,110]",709,705.042111602441,0.14905824896329464,2015,2023
"(25,30]","(110,115]",118,115.36306128875972,0.24550856613314598,2015,2023
"(30,35]","(90,95]",57,57.762569317116025,-0.10033583646510026,2015,2023
"(30,35]","(95,100]",264,317.7079633339338,-3.0131769288555352,2015,2023
"(30,35]","(100,105]",632,715.2501810090076,-3.112835697644991,2015,2023
"(30,35]","(105,110]",388,394.74752004548327,-0.3396131345777763,2015,2023
"(30,35]","(110,115]",53,53.47414575493758,-0.06483954205862577,2015,2023
"(35,40]","(90,95]",18,23.02671617764631,-1.047534561083543,2015,2023
"(35,40]","(95,100]",106,124.95819227253544,-1.6959559060439342,2015,2023
"(35,40]","(100,105]",200,246.34654364530957,-2.9528685542494815,2015,2023
"(35,40]","(105,110]",138,152.32455273808364,-1.160636207708704,2015,2023
"(35,40]","(110,115]",20,22.3082246526291,-0.4887036362459907,2015,2023
"(40,45]","(90,95]",3,4.754688463786381,-0.8047092390999382,2015,2023
"(40,45]","(95,100]",21,20.845950752971824,0.033740283404563844,2015,2023
"(40,45]","(100,105]",28,49.32460721475513,-3.0363317628689312,2015,2023
"(40,45]","(105,110]",37,38.79065865829719,-0.28750753424815595,2015,2023
"(40,45]","(110,115]",3,3.21422960411297,-0.11949260714015286,2015,2023
"(15,20]","(90,95]",2,0.16522601530250228,4.513810879824196,2016,2017
"(15,20]","(95,100]",4,2.8903053193532298,0.652727098485604,2016,2017
"(15,20]","(100,105]",42,35.50820727688118,1.0894323608883612,2016,2017
"(15,20]","(105,110]",164,123.6459958647228,3.629080533205992,2016,2017
"(15,20]","(110,115]",69,61.86955186369031,0.9065219831576056,2016,2017
"(20,25]","(90,95]",8,9.061674368994549,-0.35268509558323974,2016,2017
"(20,25]","(95,100]",130,107.75646821561224,2.14280213528402,2016,2017
"(20,25]","(100,105]",679,599.7798276114996,3.2347435502540334,2016,2017
"(20,25]","(105,110]",613,574.615251644732,1.6012904858632977,2016,2017
"(20,25]","(110,115]",112,107.64060701077746,0.42018249190361173,2016,2017
"(25,30]","(90,95]",87,62.007602994313594,3.1738429972248654,2016,2017
"(25,30]","(95,100]",465,397.5022034072312,3.385476673007287,2016,2017
"(25,30]","(100,105]",974,897.7831678406358,2.543695751543865,2016,2017
"(25,30]","(105,110]",515,502.2312277030399,0.5697669921091117,2016,2017
"(25,30]","(110,115]",80,78.76076816513306,0.13963606121727562,2016,2017
"(30,35]","(90,95]",89,84.80394353144035,0.4556520200754331,2016,2017
"(30,35]","(95,100]",371,356.40814477675485,0.7729238384409625,2016,2017
"(30,35]","(100,105]",701,626.6268833337792,2.971060324926723,2016,2017
"(30,35]","(105,110]",257,258.4285581853082,-0.08886437313378182,2016,2017
"(30,35]","(110,115]",36,35.50929892829127,0.0823466540721117,2016,2017
"(35,40]","(90,95]",33,34.293105002839944,-0.22081592311237405,2016,2017
"(35,40]","(95,100]",154,119.85943531019623,3.118419851758068,2016,2017
"(35,40]","(100,105]",228,221.16350912948062,0.4597021152675921,2016,2017
"(35,40]","(105,110]",94,96.1348331102841,-0.21773264156934452,2016,2017
"(35,40]","(110,115]",9,11.48933440471225,-0.7344053068636189,2016,2017
"(40,45]","(90,95]",5,4.47610412803132,0.24762522658470001,2016,2017
"(40,45]","(95,100]",32,20.58269159469909,2.5165910574883927,2016,2017
"(40,45]","(100,105]",43,38.59083859999773,0.7097638708577393,2016,2017
"(40,45]","(105,110]",12,17.86299865534971,-1.3872112807525323,2016,2017
"(40,45]","(110,115]",2,3.5645727444019264,-0.8286898496295158,2016,2017
"(15,20]","(90,95]",1,0.1658024860560116,2.0486764359857768,2016,2018
"(15,20]","(95,100]",2,2.797640720263935,-0.4768824573112063,2016,2018
"(15,20]","(100,105]",35,37.449348893731845,-0.40024739709593654,2016,2018
"(15,20]","(105,110]",100,113.04747916835093,-1.2271458157189903,2016,2018
"(15,20]","(110,115]",56,68.28177868641457,-1.4863081337841735,2016,2018
"(20,25]","(90,95]",5,9.041275592912758,-1.344013448032186,2016,2018
"(20,25]","(95,100]",111,116.93002874474057,-0.5483953584409454,2016,2018
"(20,25]","(100,105]",521,616.9747436992917,-3.863876777162305,2016,2018
"(20,25]","(105,110]",601,648.958942150317,-1.8826127022145216,2016,2018
"(20,25]","(110,115]",146,147.33649545104436,-0.1101063375882821,2016,2018
"(25,30]","(90,95]",55,61.31786478556833,-0.8068202971789697,2016,2018
"(25,30]","(95,100]",380,407.44665947150565,-1.3597344889398084,2016,2018
"(25,30]","(100,105]",948,1003.690348776173,-1.7578429184147961,2016,2018
"(25,30]","(105,110]",551,551.6643245738057,-0.028284132806450382,2016,2018
"(25,30]","(110,115]",99,98.35644598264714,0.06489086926954273,2016,2018
"(30,35]","(90,95]",92,81.44934578565477,1.169056738661942,2016,2018
"(30,35]","(95,100]",346,378.42134133870087,-1.6666452472241453,2016,2018
"(30,35]","(100,105]",599,630.01913726956775,-1.2358132402775606,2016,2018
"(30,35]","(105,110]",311,320.7886400005313,-0.5465285658107826,2016,2018
"(30,35]","(110,115]",34,33.465426174827364,0.09240798709018039,2016,2018
"(35,40]","(90,95]",21,33.13371546299731,-2.1079423891355162,2016,2018
"(35,40]","(95,100]",123,141.0342128508391,-1.5185704746409285,2016,2018
"(35,40]","(100,105]",208,237.0948756262472,-1.889537090270305,2016,2018
"(35,40]","(105,110]",97,111.68608308464833,-1.389653260591759,2016,2018
"(35,40]","(110,115]",9,10.606042985309157,-0.49315163054452477,2016,2018
"(40,45]","(90,95]",6,5.009202889858826,0.4426907219337599,2016,2018
"(40,45]","(95,100]",21,23.862741531617708,-0.5860328621487647,2016,2018
"(40,45]","(100,105]",35,47.83239884183622,-1.855439374327732,2016,2018
"(40,45]","(105,110]",16,24.519942285264353,-1.7205881639327665,2016,2018
"(40,45]","(110,115]",1,2.7262250433160573,-1.0454820033844174,2016,2018
"(15,20]","(90,95]",2,0.24036086368723447,3.589151038289368,2016,2019
"(15,20]","(95,100]",5,4.41859336452092,0.2765909499903694,2016,2019
"(15,20]","(100,105]",59,57.709488194267976,0.16987848158609212,2016,2019
"(15,20]","(105,110]",190,186.54077455415506,0.25327479882802234,2016,2019
"(15,20]","(110,115]",102,97.0675674702172,0.5006383104644135,2016,2019
"(20,25]","(90,95]",12,11.678690334747266,0.09402140097066417,2016,2019
"(20,25]","(95,100]",177,140.30082987344161,3.098318953699669,2016,2019
"(20,25]","(100,105]",752,712.1814841012309,1.4920718262308443,2016,2019
"(20,25]","(105,110]",712,702.1087166487486,0.37329352825198997,2016,2019
"(20,25]","(110,115]",201,197.8970214943245,0.220576447726409,2016,2019
"(25,30]","(90,95]",77,65.69081256045118,1.3953369187044313,2016,2019
"(25,30]","(95,100]",465,437.1729455696612,1.3308852093534125,2016,2019
"(25,30]","(100,105]",1170,1063.0155778437913,3.2813362086292686,2016,2019
"(25,30]","(105,110]",577,560.8115756035113,0.6835906229688739,2016,2019
"(25,30]","(110,115]",125,123.20481011581485,0.1617322246946868,2016,2019
"(30,35]","(90,95]",99,81.56345625648748,1.9306902050115562,2016,2019
"(30,35]","(95,100]",357,350.4201347301429,0.35149768973272777,2016,2019
"(30,35]","(100,105]",658,640.7831283602467,0.6801406113028323,2016,2019
"(30,35]","(105,110]",338,346.6756314767928,-0.46595013096315063,2016,2019
"(30,35]","(110,115]",51,51.14632300016643,-0.020459988662892788,2016,2019
"(35,40]","(90,95]",37,27.542969256650874,1.8019777416193175,2016,2019
"(35,40]","(95,100]",126,127.64903808306563,-0.145955986349063,2016,2019
"(35,40]","(100,105]",235,254.2615434685539,-1.2079549717113103,2016,2019
"(35,40]","(105,110]",99,123.64773565277173,-2.2165827224652195,2016,2019
"(35,40]","(110,115]",11,11.51934223257828,-0.1530170412075955,2016,2019
"(40,45]","(90,95]",4,4.515089145582624,-0.24240927542267282,2016,2019
"(40,45]","(95,100]",24,21.67090715786597,0.5003204504735228,2016,2019
"(40,45]","(100,105]",44,38.365489852502634,0.909674019921179,2016,2019
"(40,45]","(105,110]",18,26.32718136684926,-1.6229152496340802,2016,2019
"(40,45]","(110,115]",4,3.4779325151502802,0.2799407166915989,2016,2019
"(15,20]","(90,95]",0,0.09690136993214933,-0.3112898487457459,2016,2020
"(15,20]","(95,100]",1,1.3858446483964824,-0.32775943816263436,2016,2020
"(15,20]","(100,105]",6,19.973710525895733,-3.1266723033878496,2016,2020
"(15,20]","(105,110]",46,60.11460964785574,-1.8204504231252339,2016,2020
"(15,20]","(110,115]",23,32.35701682115791,-1.6449517848174815,2016,2020
"(20,25]","(90,95]",3,3.6727778365815307,-0.35105434000957514,2016,2020
"(20,25]","(95,100]",42,55.00723973271697,-1.7537804251855482,2016,2020
"(20,25]","(100,105]",194,269.2854988377476,-4.587803927292165,2016,2020
"(20,25]","(105,110]",239,259.51745476109494,-1.2736209608539169,2016,2020
"(20,25]","(110,115]",52,56.081285352046315,-0.5449893067522349,2016,2020
"(25,30]","(90,95]",18,23.006849038218643,-1.0438447847662864,2016,2020
"(25,30]","(95,100]",164,149.5402212679952,1.182449597651548,2016,2020
"(25,30]","(100,105]",403,383.9312372575167,0.9731858617829666,2016,2020
"(25,30]","(105,110]",238,229.46930884600556,0.5631471819760028,2016,2020
"(25,30]","(110,115]",39,38.397013491547334,0.09731031354745517,2016,2020
"(30,35]","(90,95]",32,29.88655604138318,0.3865919443790437,2016,2020
"(30,35]","(95,100]",147,128.4618690555637,1.6356064978801659,2016,2020
"(30,35]","(100,105]",235,235.69256875670948,-0.045111778670751806,2016,2020
"(30,35]","(105,110]",132,129.24049321212377,0.2427348666907036,2016,2020
"(30,35]","(110,115]",19,18.75365256754742,0.05688596205091321,2016,2020
"(35,40]","(90,95]",12,11.143537694294714,0.25656458637868473,2016,2020
"(35,40]","(95,100]",60,48.7108559235635,1.617514324015338,2016,2020
"(35,40]","(100,105]",75,93.25892887843658,-1.8907324827515906,2016,2020
"(35,40]","(105,110]",51,50.621177956364924,0.05324380928348476,2016,2020
"(35,40]","(110,115]",5,4.831362482643982,0.07672190693107847,2016,2020
"(40,45]","(90,95]",1,1.5730496396551916,-0.45689986526384174,2016,2020
"(40,45]","(95,100]",13,8.715042351933086,1.4514824288910473,2016,2020
"(40,45]","(100,105]",17,17.335861861406954,-0.0806655263083586,2016,2020
"(40,45]","(105,110]",15,13.02266097809693,0.547937810175562,2016,2020
"(15,20]","(90,95]",0,0.25233888362450735,-0.5023334386883949,2016,2021
"(15,20]","(95,100]",2,4.2065661782728485,-1.075853394037858,2016,2021
"(15,20]","(100,105]",15,53.98038376009491,-5.305522083221875,2016,2021
"(15,20]","(105,110]",127,202.10426460657803,-5.282954364878206,2016,2021
"(15,20]","(110,115]",79,109.10406231722118,-2.882070789420139,2016,2021
"(20,25]","(90,95]",3,10.467053885103878,-2.3080066478286554,2016,2021
"(20,25]","(95,100]",81,129.81135089108614,-4.284148266186442,2016,2021
"(20,25]","(100,105]",501,701.9183501714896,-7.583615493689996,2016,2021
"(20,25]","(105,110]",683,793.7636582777021,-3.931440302628877,2016,2021
"(20,25]","(110,115]",211,207.16077531971203,0.2667409938073046,2016,2021
"(25,30]","(90,95]",37,61.848393715524715,-3.1596145658007777,2016,2021
"(25,30]","(95,100]",327,405.2740135252444,-3.8881519086301775,2016,2021
"(25,30]","(100,105]",910,996.3751092943672,-2.7363848357601865,2016,2021
"(25,30]","(105,110]",680,688.693655354373,-0.33127554588429553,2016,2021
"(25,30]","(110,115]",144,141.92043844731666,0.17456183855146748,2016,2021
"(30,35]","(90,95]",62,69.51723714492292,-0.9015960479552623,2016,2021
"(30,35]","(95,100]",263,345.78890081363755,-4.452117236257389,2016,2021
"(30,35]","(100,105]",618,663.2666438723064,-1.7576573641678088,2016,2021
"(30,35]","(105,110]",408,402.6957489698914,0.2643233603543463,2016,2021
"(30,35]","(110,115]",71,71.84925423724425,-0.10019051063337032,2016,2021
"(35,40]","(90,95]",22,30.55410996751608,-1.5475333262360822,2016,2021
"(35,40]","(95,100]",106,122.34481227389966,-1.477703008317692,2016,2021
"(35,40]","(100,105]",238,271.4939386572026,-2.0327602123177777,2016,2021
"(35,40]","(105,110]",142,167.1954469878808,-1.9485423270235593,2016,2021
"(35,40]","(110,115]",21,20.08692429297922,0.2037276928076156,2016,2021
"(40,45]","(90,95]",1,4.0228652267658696,-1.5071311398488936,2016,2021
"(40,45]","(95,100]",26,21.88566891143007,0.879466547795141,2016,2021
"(40,45]","(100,105]",49,55.93985917071152,-0.9278760673540332,2016,2021
"(40,45]","(105,110]",25,32.7815751939407,-1.3591037456455446,2016,2021
"(40,45]","(110,115]",5,4.229257976408091,0.37478046903107504,2016,2021
"(15,20]","(90,95]",1,0.25139336225796904,1.493058314596453,2016,2022
"(15,20]","(95,100]",2,4.108494841508437,-1.0402343000280987,2016,2022
"(15,20]","(100,105]",13,54.75987778537183,-5.643233025105128,2016,2022
"(15,20]","(105,110]",93,190.8597034789865,-7.08348164861825,2016,2022
"(15,20]","(110,115]",49,86.88754214092134,-4.064598722730982,2016,2022
"(20,25]","(90,95]",1,11.606047810046428,-3.113231405619896,2016,2022
"(20,25]","(95,100]",72,139.1899687706846,-5.69508841159963,2016,2022
"(20,25]","(100,105]",405,680.7492644798325,-10.568680580157269,2016,2022
"(20,25]","(105,110]",632,744.5733620766543,-4.125550326894425,2016,2022
"(20,25]","(110,115]",184,188.88724508817128,-0.35560085995666546,2016,2022
"(25,30]","(90,95]",35,63.22285999616351,-3.549473616461984,2016,2022
"(25,30]","(95,100]",274,437.2081183782855,-7.80544466126995,2016,2022
"(25,30]","(100,105]",860,1038.9493672717795,-5.551789301988975,2016,2022
"(25,30]","(105,110]",640,640.4962070720951,-0.019606707437983387,2016,2022
"(25,30]","(110,115]",94,92.64351216973655,0.14093160447847886,2016,2022
"(30,35]","(90,95]",43,73.5476429887316,-3.5619951739154883,2016,2022
"(30,35]","(95,100]",254,346.51332797686996,-4.969862029903576,2016,2022
"(30,35]","(100,105]",582,693.4309258383507,-4.231595393152452,2016,2022
"(30,35]","(105,110]",338,362.3567975939425,-1.2795344425035153,2016,2022
"(30,35]","(110,115]",61,64.89120772093084,-0.48304933263303834,2016,2022
"(35,40]","(90,95]",17,33.20689655812694,-2.812455862602373,2016,2022
"(35,40]","(95,100]",125,132.86206700431075,-0.6820814497913906,2016,2022
"(35,40]","(100,105]",190,238.32356925599242,-3.1302246509294047,2016,2022
"(35,40]","(105,110]",118,144.0483347573521,-2.1703303492604196,2016,2022
"(35,40]","(110,115]",14,14.382358041854422,-0.1008219704014961,2016,2022
"(40,45]","(90,95]",0,4.29921868708664,-2.0734557355021206,2016,2022
"(40,45]","(95,100]",11,22.589335555262664,-2.4384104403883846,2016,2022
"(40,45]","(100,105]",43,49.494042947000864,-0.9230786176206571,2016,2022
"(40,45]","(105,110]",29,35.67265523566813,-1.117200105216479,2016,2022
"(40,45]","(110,115]",2,5.158902966796612,-1.3907773398637941,2016,2022
"(15,20]","(90,95]",0,0.21195715045465788,-0.4603880433445876,2016,2023
"(15,20]","(95,100]",1,4.189265995742401,-1.5581948840331767,2016,2023
"(15,20]","(100,105]",30,60.85180769161511,-3.954976192599973,2016,2023
"(15,20]","(105,110]",98,206.59726339833225,-7.555384991419189,2016,2023
"(15,20]","(110,115]",83,109.4392372039067,-2.5273325603078747,2016,2023
"(20,25]","(90,95]",4,11.183907588081697,-2.1481467765692153,2016,2023
"(20,25]","(95,100]",76,135.24674444179882,-5.09449430720679,2016,2023
"(20,25]","(100,105]",494,727.4595494163325,-8.65580010438297,2016,2023
"(20,25]","(105,110]",705,822.3986407355832,-4.093755272406805,2016,2023
"(20,25]","(110,115]",203,201.07016924457125,0.13609601273402203,2016,2023
"(25,30]","(90,95]",35,67.2952012747911,-3.9368235262731726,2016,2023
"(25,30]","(95,100]",344,437.52228688945047,-4.4711066351228155,2016,2023
"(25,30]","(100,105]",946,1066.2833049606604,-3.683571021759633,2016,2023
"(25,30]","(105,110]",709,714.7196329411707,-0.21394409427228814,2016,2023
"(25,30]","(110,115]",118,116.25827090685813,0.16153575893596125,2016,2023
"(30,35]","(90,95]",57,83.37810203861447,-2.8888004392007063,2016,2023
"(30,35]","(95,100]",264,345.0353156019305,-4.362571455208035,2016,2023
"(30,35]","(100,105]",632,728.7186016678643,-3.582862001899148,2016,2023
"(30,35]","(105,110]",388,405.07336022296795,-0.8483052643045371,2016,2023
"(30,35]","(110,115]",53,54.154697207139314,-0.15690979298431676,2016,2023
"(35,40]","(90,95]",18,29.12245838072149,-2.0610416713538875,2016,2023
"(35,40]","(95,100]",106,136.13520875006557,-2.5827892694672046,2016,2023
"(35,40]","(100,105]",200,256.55342092895626,-3.5307744534193044,2016,2023
"(35,40]","(105,110]",138,162.3636676715279,-1.9120455776060254,2016,2023
"(35,40]","(110,115]",20,23.07299150498048,-0.6397486919680878,2016,2023
"(40,45]","(90,95]",3,4.677463979720256,-0.77561817520446,2016,2023
"(40,45]","(95,100]",21,22.532558138912176,-0.3228581163842235,2016,2023
"(40,45]","(100,105]",28,53.086172185997896,-3.4430528824355533,2016,2023
"(40,45]","(105,110]",37,43.9491291488856,-1.0482267685893472,2016,2023
"(40,45]","(110,115]",3,3.5196259106629784,-0.27697625924534475,2016,2023
"(15,20]","(90,95]",1,0.5193094160968702,0.6670409807348066,2017,2018
"(15,20]","(95,100]",2,4.459683580320001,-1.1647352489667946,2017,2018
"(15,20]","(100,105]",35,47.05033750328215,-1.7567818631272214,2017,2018
"(15,20]","(105,110]",100,142.28536829317022,-3.544949039463966,2017,2018
"(15,20]","(110,115]",56,79.5690381655604,-2.642225049168053,2017,2018
"(20,25]","(90,95]",5,13.145298344313296,-2.2465794013035167,2017,2018
"(20,25]","(95,100]",111,140.45539096632484,-2.485395943007526,2017,2018
"(20,25]","(100,105]",521,694.0690723307983,-6.569285240233507,2017,2018
"(20,25]","(105,110]",601,696.6184176871091,-3.6227976420008883,2017,2018
"(20,25]","(110,115]",146,150.99933535349666,-0.406841036603566,2017,2018
"(25,30]","(90,95]",55,72.64737996006681,-2.0704762751429833,2017,2018
"(25,30]","(95,100]",380,472.1175317127672,-4.239525273195069,2017,2018
"(25,30]","(100,105]",948,1089.4021061766173,-4.284121439373999,2017,2018
"(25,30]","(105,110]",551,564.8305198057706,-0.5819416289077733,2017,2018
"(25,30]","(110,115]",99,98.77254415361759,0.02288647903983097,2017,2018
"(30,35]","(90,95]",92,87.21455702698616,0.5124218682841905,2017,2018
"(30,35]","(95,100]",346,428.4974551041458,-3.985349635048987,2017,2018
"(30,35]","(100,105]",599,682.8084653130431,-3.2072915466735967,2017,2018
"(30,35]","(105,110]",311,326.61101457885684,-0.8638050047324423,2017,2018
"(30,35]","(110,115]",34,33.451208460102855,0.09488586080139326,2017,2018
"(35,40]","(90,95]",21,34.56464589860123,-2.3072380488009756,2017,2018
"(35,40]","(95,100]",123,164.36012096377993,-3.2261427057739165,2017,2018
"(35,40]","(100,105]",208,257.0174299386201,-3.05751959138981,2017,2018
"(35,40]","(105,110]",97,110.29445011789755,-1.2658829455785372,2017,2018
"(35,40]","(110,115]",9,10.32833986845357,-0.41332716320595875,2017,2018
"(40,45]","(90,95]",6,5.611051937190891,0.1641986070210456,2017,2018
"(40,45]","(95,100]",21,29.78730502040311,-1.6100527142678638,2017,2018
"(40,45]","(100,105]",35,49.24667104889896,-2.030135181302011,2017,2018
"(40,45]","(105,110]",16,20.387789148508134,-0.971763724532716,2017,2018
"(40,45]","(110,115]",1,2.438136177496807,-0.9210241801672132,2017,2018
"(15,20]","(90,95]",2,0.6711374115994891,1.6220877725314622,2017,2019
"(15,20]","(95,100]",5,6.687772104395659,-0.6526390740851096,2017,2019
"(15,20]","(100,105]",59,71.30228493680626,-1.4569144741036417,2017,2019
"(15,20]","(105,110]",190,229.40177701404653,-2.601461601902406,2017,2019
"(15,20]","(110,115]",102,111.7474345401604,-0.9220862513055592,2017,2019
"(20,25]","(90,95]",12,16.466942150717603,-1.1007884098814733,2017,2019
"(20,25]","(95,100]",177,167.5827584026937,0.7274598772599203,2017,2019
"(20,25]","(100,105]",752,796.1138272890768,-1.5634613695168431,2017,2019
"(20,25]","(105,110]",712,745.7184105562264,-1.2347517823048482,2017,2019
"(20,25]","(110,115]",201,201.88412006296693,-0.06222432101246826,2017,2019
"(25,30]","(90,95]",77,76.8638676347686,0.01552745479219212,2017,2019
"(25,30]","(95,100]",465,505.289901764326,-1.7923627065013208,2017,2019
"(25,30]","(100,105]",1170,1152.567687089217,0.5134779433668464,2017,2019
"(25,30]","(105,110]",577,573.083798034746,0.16358972253268247,2017,2019
"(25,30]","(110,115]",125,123.59812347113754,0.12609673046724057,2017,2019
"(30,35]","(90,95]",99,86.63553192313488,1.3283955574347384,2017,2019
"(30,35]","(95,100]",357,396.41221181064407,-1.9795081570712645,2017,2019
"(30,35]","(100,105]",658,693.5711115268767,-1.35067834927706,2017,2019
"(30,35]","(105,110]",338,352.5144624473106,-0.7730587255584416,2017,2019
"(30,35]","(110,115]",51,51.037324156609614,-0.005224515893938278,2017,2019
"(35,40]","(90,95]",37,28.684391557088293,1.552641572648325,2017,2019
"(35,40]","(95,100]",126,149.91077025541813,-1.9528871545708986,2017,2019
"(35,40]","(100,105]",235,274.7425758230614,-2.397689981736414,2017,2019
"(35,40]","(105,110]",99,121.44745835174201,-2.0369152482081994,2017,2019
"(35,40]","(110,115]",11,11.066862682562913,-0.02009886513625252,2017,2019
"(40,45]","(90,95]",4,5.115308988719159,-0.493127549889658,2017,2019
"(40,45]","(95,100]",24,27.14382458014642,-0.6034242859511965,2017,2019
"(40,45]","(100,105]",44,38.82741672547209,0.8301149640473227,2017,2019
"(40,45]","(105,110]",18,20.761027677543627,-0.6059633201433731,2017,2019
"(40,45]","(110,115]",4,2.721394773238827,0.7750695983343557,2017,2019
"(15,20]","(90,95]",0,0.2599556427688582,-0.5098584536602863,2017,2020
"(15,20]","(95,100]",1,2.1062591651834204,-0.762256221559658,2017,2020
"(15,20]","(100,105]",6,24.67857273244428,-3.75996384055613,2017,2020
"(15,20]","(105,110]",46,74.32141058812482,-3.285170454614421,2017,2020
"(15,20]","(110,115]",23,37.0004657765358,-2.3016479083007235,2017,2020
"(20,25]","(90,95]",3,5.17816054153085,-0.9571987676766692,2017,2020
"(20,25]","(95,100]",42,65.59895119322833,-2.9136961099760206,2017,2020
"(20,25]","(100,105]",194,301.2556577474012,-6.179489584413569,2017,2020
"(20,25]","(105,110]",239,275.73623376153455,-2.2123188015975774,2017,2020
"(20,25]","(110,115]",52,57.15549194757032,-0.6819320924506486,2017,2020
"(25,30]","(90,95]",18,26.950050254488865,-1.7240334356048228,2017,2020
"(25,30]","(95,100]",164,172.7854030756701,-0.6683564853542499,2017,2020
"(25,30]","(100,105]",403,415.99748600361323,-0.6372561059405673,2017,2020
"(25,30]","(105,110]",238,234.41995239638072,0.23382530782461147,2017,2020
"(25,30]","(110,115]",39,38.53849957303916,0.07434036790646914,2017,2020
"(30,35]","(90,95]",32,31.788672279633797,0.03748178573639156,2017,2020
"(30,35]","(95,100]",147,145.36014799138476,0.13601348796100485,2017,2020
"(30,35]","(100,105]",235,255.38454252167202,-1.2755681466054494,2017,2020
"(30,35]","(105,110]",132,131.4303678147967,0.04968744417528861,2017,2020
"(30,35]","(110,115]",19,18.707832747272775,0.06754913586341264,2017,2020
"(35,40]","(90,95]",12,11.599382223647327,0.1176285615749339,2017,2020
"(35,40]","(95,100]",60,57.156092692420245,0.3761700122537455,2017,2020
"(35,40]","(100,105]",75,101.29768778170049,-2.6128699776471906,2017,2020
"(35,40]","(105,110]",51,49.81825617304577,0.16742838250122127,2017,2020
"(35,40]","(110,115]",5,4.674645806102706,0.15048113357726203,2017,2020
"(40,45]","(90,95]",1,1.7797747871889185,-0.58450289128465,2017,2020
"(40,45]","(95,100]",13,10.918708338291832,0.6298647611655751,2017,2020
"(40,45]","(100,105]",17,17.34475168108763,-0.08277941430543619,2017,2020
"(40,45]","(105,110]",15,10.03942619268912,1.565587950640581,2017,2020
"(15,20]","(90,95]",0,0.6781188771739234,-0.8234797369540573,2017,2021
"(15,20]","(95,100]",2,6.338319884489984,-1.7231952731131313,2017,2021
"(15,20]","(100,105]",15,66.71742696312175,-6.33165532686647,2017,2021
"(15,20]","(105,110]",127,248.01901920868187,-7.68442074963216,2017,2021
"(15,20]","(110,115]",79,124.64364199304461,-4.0883232357388,2017,2021
"(20,25]","(90,95]",3,14.793517703022905,-3.0662505238415565,2017,2021
"(20,25]","(95,100]",81,155.14183628179978,-5.9524927388912605,2017,2021
"(20,25]","(100,105]",501,784.8949262364623,-10.13332262716903,2017,2021
"(20,25]","(105,110]",683,843.5134224833366,-5.526693193971014,2017,2021
"(20,25]","(110,115]",211,211.06341283937408,-0.004364864049308104,2017,2021
"(25,30]","(90,95]",37,72.4339966938798,-4.163407458055156,2017,2021
"(25,30]","(95,100]",327,468.4069365635932,-6.533697973243248,2017,2021
"(25,30]","(100,105]",910,1079.234720274258,-5.151474015795495,2017,2021
"(25,30]","(105,110]",680,703.7370719997934,-0.8947916696551621,2017,2021
"(25,30]","(110,115]",144,142.37166208179227,0.13646860702647784,2017,2021
"(30,35]","(90,95]",62,73.70580655265786,-1.3634853979897483,2017,2021
"(30,35]","(95,100]",263,391.2416195531762,-6.48345453991998,2017,2021
"(30,35]","(100,105]",618,717.4613128009066,-3.713256443191581,2017,2021
"(30,35]","(105,110]",408,409.19073419183206,-0.05886429257657117,2017,2021
"(30,35]","(110,115]",71,71.74637508916442,-0.08811648288527871,2017,2021
"(35,40]","(90,95]",22,31.837195161898475,-1.7434274824592688,2017,2021
"(35,40]","(95,100]",106,143.84344140117784,-3.155335843504001,2017,2021
"(35,40]","(100,105]",238,292.62691726923634,-3.193372322119143,2017,2021
"(35,40]","(105,110]",142,164.2879282280196,-1.7388690360802153,2017,2021
"(35,40]","(110,115]",21,19.38628439267878,0.36650483612849366,2017,2021
"(40,45]","(90,95]",1,4.5836178558186615,-1.673853676588951,2017,2021
"(40,45]","(95,100]",26,27.406538696084567,-0.26867334964605605,2017,2021
"(40,45]","(100,105]",49,55.81377372165909,-0.9120465677530862,2017,2021
"(40,45]","(105,110]",25,25.304319835057882,-0.06049687280583764,2017,2021
"(40,45]","(110,115]",5,3.0802496522324283,1.0938349514502477,2017,2021
"(15,20]","(90,95]",1,0.671316085945189,0.40115750645756076,2017,2022
"(15,20]","(95,100]",2,6.203427297613366,-1.6876706273156055,2017,2022
"(15,20]","(100,105]",13,67.70556820577788,-6.648433660916163,2017,2022
"(15,20]","(105,110]",93,234.85815516052867,-9.256599740904628,2017,2022
"(15,20]","(110,115]",49,100.89577224986837,-5.166488827969705,2017,2022
"(20,25]","(90,95]",1,16.321134703719935,-3.7924141326469805,2017,2022
"(20,25]","(95,100]",72,166.18270614479374,-7.305976171666547,2017,2022
"(20,25]","(100,105]",405,761.6418265580851,-12.922807720217145,2017,2022
"(20,25]","(105,110]",632,792.677431497199,-5.706983724201368,2017,2022
"(20,25]","(110,115]",184,192.57307258568687,-0.6177869368578482,2017,2022
"(25,30]","(90,95]",35,74.01208655007702,-4.534692629377264,2017,2022
"(25,30]","(95,100]",274,505.01567193379265,-10.279902966506555,2017,2022
"(25,30]","(100,105]",860,1125.389458382707,-7.91101570617291,2017,2022
"(25,30]","(105,110]",640,654.9167025942542,-0.5828808640368148,2017,2022
"(25,30]","(110,115]",94,92.94985223512924,0.10892462175577573,2017,2022
"(30,35]","(90,95]",43,78.07015334687428,-3.9691284022399644,2017,2022
"(30,35]","(95,100]",254,392.0121710516425,-6.970559076135334,2017,2022
"(30,35]","(100,105]",582,750.1382633956724,-6.138975471784221,2017,2022
"(30,35]","(105,110]",338,368.1870205137986,-1.5732075161599477,2017,2022
"(30,35]","(110,115]",61,64.73648958704507,-0.4643967839627805,2017,2022
"(35,40]","(90,95]",17,34.61285798430399,-2.993719478531571,2017,2022
"(35,40]","(95,100]",125,156.10191745667169,-2.4893332819241416,2017,2022
"(35,40]","(100,105]",190,257.79536536673413,-4.222429945636785,2017,2022
"(35,40]","(105,110]",118,141.57653985953786,-1.9814559436764692,2017,2022
"(35,40]","(110,115]",14,13.943427720609348,0.015150218719233393,2017,2022
"(40,45]","(90,95]",0,4.890025983106246,-2.2113403137251955,2017,2022
"(40,45]","(95,100]",11,28.257804159605566,-3.246506904703474,2017,2022
"(40,45]","(100,105]",43,49.231500128523535,-0.8881188208639006,2017,2022
"(40,45]","(105,110]",29,28.66839114210356,0.06193333437626351,2017,2022
"(40,45]","(110,115]",2,3.8470854966682637,-0.9417184501624352,2017,2022
"(15,20]","(90,95]",0,0.5813631893400891,-0.7624717629788589,2017,2023
"(15,20]","(95,100]",1,6.313444226192132,-2.1146716944758426,2017,2023
"(15,20]","(100,105]",30,75.19273217579914,-5.211715079385737,2017,2023
"(15,20]","(105,110]",98,254.64599633210622,-9.81636895241053,2017,2023
"(15,20]","(110,115]",83,125.46112438725459,-3.790852639534547,2017,2023
"(20,25]","(90,95]",4,15.701070311768376,-2.9529830885684967,2017,2023
"(20,25]","(95,100]",76,161.5298724122513,-6.729633286748886,2017,2023
"(20,25]","(100,105]",494,813.7654613075855,-11.209388621729726,2017,2023
"(20,25]","(105,110]",705,874.3133484984031,-5.7260830718941245,2017,2023
"(20,25]","(110,115]",203,205.27568571664733,-0.15883402003803918,2017,2023
"(25,30]","(90,95]",35,78.80329740915232,-4.934402922521826,2017,2023
"(25,30]","(95,100]",344,505.9071740576772,-7.198312117191957,2017,2023
"(25,30]","(100,105]",946,1154.7845418503719,-6.143952650143236,2017,2023
"(25,30]","(105,110]",709,730.3886130673891,-0.7914174594315757,2017,2023
"(25,30]","(110,115]",118,116.64915948638823,0.1250729145783831,2017,2023
"(30,35]","(90,95]",57,88.59081478330648,-3.356344099965306,2017,2023
"(30,35]","(95,100]",264,390.2175744599739,-6.389493276604513,2017,2023
"(30,35]","(100,105]",632,788.0397247817691,-5.558544928451886,2017,2023
"(30,35]","(105,110]",388,411.8174450539441,-1.173661347407048,2017,2023
"(30,35]","(110,115]",53,54.07993952679255,-0.14685249800393171,2017,2023
"(35,40]","(90,95]",18,30.324101511944356,-2.238006254903769,2017,2023
"(35,40]","(95,100]",106,159.9476389817832,-4.265633374220606,2017,2023
"(35,40]","(100,105]",200,277.15852124306826,-4.634680257890264,2017,2023
"(35,40]","(105,110]",138,159.26699289926927,-1.6851679701318754,2017,2023
"(35,40]","(110,115]",20,22.39291748662294,-0.5056760483236133,2017,2023
"(40,45]","(90,95]",3,5.328753992696673,-1.0088132482552656,2017,2023
"(40,45]","(95,100]",21,28.186514740691592,-1.3536227079931513,2017,2023
"(40,45]","(100,105]",28,53.554210860007075,-3.4919310676076956,2017,2023
"(40,45]","(105,110]",37,34.95473422432205,0.3459367882349681,2017,2023
"(40,45]","(110,115]",3,2.8624305333970392,0.0813119872878316,2017,2023
"(15,20]","(90,95]",2,1.0263055675359893,0.9611348933337648,2018,2019
"(15,20]","(95,100]",5,5.718272971594545,-0.3003703652915223,2018,2019
"(15,20]","(100,105]",59,46.22247427374526,1.8794040973225807,2018,2019
"(15,20]","(105,110]",190,152.97402464205692,2.993626822166179,2018,2019
"(15,20]","(110,115]",102,88.45648657385254,1.4400132886628723,2018,2019
"(20,25]","(90,95]",12,12.850399994528534,-0.2372274418444805,2018,2019
"(20,25]","(95,100]",177,117.60568476086145,5.4768484310113825,2018,2019
"(20,25]","(100,105]",752,623.835597947445,5.131358281794414,2018,2019
"(20,25]","(105,110]",712,662.3584026023354,1.9288534092748102,2018,2019
"(20,25]","(110,115]",201,193.58044615447514,0.5332698714675957,2018,2019
"(25,30]","(90,95]",77,63.58966167454554,1.6816920747486814,2018,2019
"(25,30]","(95,100]",465,402.1654600280951,3.133257266952048,2018,2019
"(25,30]","(100,105]",1170,1017.7512780653292,4.772355938727823,2018,2019
"(25,30]","(105,110]",577,553.7118518487954,0.9896760158908223,2018,2019
"(25,30]","(110,115]",125,122.4888507299798,0.22689464666438974,2018,2019
"(30,35]","(90,95]",99,78.95137995122585,2.256340416773195,2018,2019
"(30,35]","(95,100]",357,334.84435115308685,1.210773716899096,2018,2019
"(30,35]","(100,105]",658,596.0814034897111,2.536111347767546,2018,2019
"(30,35]","(105,110]",338,335.1065464101857,0.15806112357724805,2018,2019
"(30,35]","(110,115]",51,50.661747849176606,0.047522631629976525,2018,2019
"(35,40]","(90,95]",37,22.422647683874253,3.078471970526124,2018,2019
"(35,40]","(95,100]",126,110.35648737389307,1.4891393600028529,2018,2019
"(35,40]","(100,105]",235,208.77618437128157,1.8149113006473374,2018,2019
"(35,40]","(105,110]",99,110.8933670126135,-1.12941105862006,2018,2019
"(35,40]","(110,115]",11,11.16957647233256,-0.05073962387563732,2018,2019
"(40,45]","(90,95]",4,3.7137499783092154,0.1485385558158723,2018,2019
"(40,45]","(95,100]",24,18.99874024914599,1.1474057146849754,2018,2019
"(40,45]","(100,105]",44,30.72992507234397,2.3938262465443736,2018,2019
"(40,45]","(105,110]",18,21.732912037573637,-0.8007349692855723,2018,2019
"(40,45]","(110,115]",4,3.170847792636406,0.4656360146856161,2018,2019
"(15,20]","(90,95]",0,0.38242862502880265,-0.6184081379063529,2018,2020
"(15,20]","(95,100]",1,1.8093822955630114,-0.601711805177021,2018,2020
"(15,20]","(100,105]",6,16.048156977944554,-2.5082673749869526,2018,2020
"(15,20]","(105,110]",46,49.295793077273466,-0.46941288687024413,2018,2020
"(15,20]","(110,115]",23,29.533524427226148,-1.2022364210780632,2018,2020
"(20,25]","(90,95]",3,4.0393057843764275,-0.5171183852974445,2018,2020
"(20,25]","(95,100]",42,46.08918538904615,-0.6023338692787882,2018,2020
"(20,25]","(100,105]",194,235.55877768095104,-2.7077784006023737,2018,2020
"(20,25]","(105,110]",239,244.6273551778387,-0.3597922606127083,2018,2020
"(20,25]","(110,115]",52,54.892911354722045,-0.390460398845142,2018,2020
"(25,30]","(90,95]",18,22.247786973546177,-0.9005738248244403,2018,2020
"(25,30]","(95,100]",164,137.54317156044718,2.255891791322255,2018,2020
"(25,30]","(100,105]",403,367.5321325521712,1.8500668417341692,2018,2020
"(25,30]","(105,110]",238,226.6237170789317,0.7556970117159396,2018,2020
"(25,30]","(110,115]",39,38.162036223855765,0.135646775803914,2018,2020
"(30,35]","(90,95]",32,28.945763736434078,0.5676885343546694,2018,2020
"(30,35]","(95,100]",147,122.8552176381339,2.1783441427696775,2018,2020
"(30,35]","(100,105]",235,218.7955965092533,1.0955034763709184,2018,2020
"(30,35]","(105,110]",132,125.12056055611959,0.6150192529709717,2018,2020
"(30,35]","(110,115]",19,18.608173515606982,0.09083263521343196,2018,2020
"(35,40]","(90,95]",12,9.120588217746871,0.9534377720179766,2018,2020
"(35,40]","(95,100]",60,42.109504438689164,2.75697168199537,2018,2020
"(35,40]","(100,105]",75,76.31118908086856,-0.15009672402190538,2018,2020
"(35,40]","(105,110]",51,45.0018147580731,0.8941386336284745,2018,2020
"(35,40]","(110,115]",5,4.704570644361501,0.13620518802375062,2018,2020
"(40,45]","(90,95]",1,1.2931164111521625,-0.2577634423013749,2018,2020
"(40,45]","(95,100]",13,7.658938859323934,1.9299375148981173,2018,2020
"(40,45]","(100,105]",17,13.907193747446943,0.8293406678941715,2018,2020
"(40,45]","(105,110]",15,10.559062304102047,1.366664785022213,2018,2020
"(15,20]","(90,95]",0,0.9970042070952195,-0.9985009800171553,2018,2021
"(15,20]","(95,100]",2,5.399766498560396,-1.4630581912767602,2018,2021
"(15,20]","(100,105]",15,43.37956267026974,-4.30886724693969,2018,2021
"(15,20]","(105,110]",127,166.8443745820641,-3.0846879016905855,2018,2021
"(15,20]","(110,115]",79,99.71795128015569,-2.0747230589353234,2018,2021
"(20,25]","(90,95]",3,11.566239946245453,-2.5188026194608777,2018,2021
"(20,25]","(95,100]",81,108.96041671462814,-2.678608619230747,2018,2021
"(20,25]","(100,105]",501,614.3276016831855,-4.572310169527566,2018,2021
"(20,25]","(105,110]",683,748.0071552264349,-2.376885631010321,2018,2021
"(20,25]","(110,115]",211,202.86629906681617,0.5710619798495624,2018,2021
"(25,30]","(90,95]",37,59.97291179096937,-2.966459868982657,2018,2021
"(25,30]","(95,100]",327,373.51651378372895,-2.4068679009119762,2018,2021
"(25,30]","(100,105]",910,954.348855778356,-1.435584764860851,2018,2021
"(25,30]","(105,110]",680,680.0503145826938,-0.0019294047887580517,2018,2021
"(25,30]","(110,115]",144,141.08903296092126,0.24507028710014614,2018,2021
"(30,35]","(90,95]",62,67.11017443981251,-0.6237945003861977,2018,2021
"(30,35]","(95,100]",263,330.8818809227124,-3.7317915299172304,2018,2021
"(30,35]","(100,105]",618,617.301004867258,0.02813362275598341,2018,2021
"(30,35]","(105,110]",408,390.55534029278806,0.8827164333143519,2018,2021
"(30,35]","(110,115]",71,71.21709495690196,-0.025725131760231775,2018,2021
"(35,40]","(90,95]",22,25.17741491892549,-0.6332400315050816,2018,2021
"(35,40]","(95,100]",106,105.54214814865676,0.04456685727149979,2018,2021
"(35,40]","(100,105]",238,222.95800025333725,1.0073816757695768,2018,2021
"(35,40]","(105,110]",142,149.29187635948475,-0.5967895473522348,2018,2021
"(35,40]","(110,115]",21,19.452613617437123,0.350840555787555,2018,2021
"(40,45]","(90,95]",1,3.3335108422996127,-1.2780824962980117,2018,2021
"(40,45]","(95,100]",26,19.266691544961677,1.5339985102653408,2018,2021
"(40,45]","(100,105]",49,44.60380719319609,0.6582498463357305,2018,2021
"(40,45]","(105,110]",25,27.047514879672143,-0.39369815754145115,2018,2021
"(40,45]","(110,115]",5,3.8207761363598483,0.6032821325748489,2018,2021
"(15,20]","(90,95]",1,0.9874267304468597,0.012653066380456728,2018,2022
"(15,20]","(95,100]",2,5.296942632475918,-1.432513606320628,2018,2022
"(15,20]","(100,105]",13,44.0623984346462,-4.679515815597204,2018,2022
"(15,20]","(105,110]",93,156.90887235281883,-5.10196416626833,2018,2022
"(15,20]","(110,115]",49,78.90626864043317,-3.366715952324156,2018,2022
"(20,25]","(90,95]",1,12.72295432364,-3.2865715298457743,2018,2022
"(20,25]","(95,100]",72,116.8568576719812,-4.149557100015236,2018,2022
"(20,25]","(100,105]",405,595.4560520192144,-7.804946324843945,2018,2022
"(20,25]","(105,110]",632,700.4682806262508,-2.5869925919219607,2018,2022
"(20,25]","(110,115]",184,184.8530481848635,-0.06274227400172556,2018,2022
"(25,30]","(90,95]",35,61.22435605412245,-3.3515269795634453,2018,2022
"(25,30]","(95,100]",274,402.8181601472513,-6.418337811812359,2018,2022
"(25,30]","(100,105]",860,994.4747643713988,-4.264262276869193,2018,2022
"(25,30]","(105,110]",640,632.2681593407344,0.30749088013289383,2018,2022
"(25,30]","(110,115]",94,92.10373211612774,0.19758823209394252,2018,2022
"(30,35]","(90,95]",43,71.12819323293317,-3.3351928290349004,2018,2022
"(30,35]","(95,100]",254,331.7032749025585,-4.266428221152609,2018,2022
"(30,35]","(100,105]",582,644.8287606004415,-2.474208490187369,2018,2022
"(30,35]","(105,110]",338,350.0773325657964,-0.6454892735552343,2018,2022
"(30,35]","(110,115]",61,64.25697720974281,-0.4063072519714683,2018,2022
"(35,40]","(90,95]",17,27.31053746346276,-1.9729504630147328,2018,2022
"(35,40]","(95,100]",125,114.82534253387198,0.9495130163840715,2018,2022
"(35,40]","(100,105]",190,195.0866534954884,-0.3641819146926756,2018,2022
"(35,40]","(105,110]",118,128.86276887872538,-0.9569225964330007,2018,2022
"(35,40]","(110,115]",14,13.945151604615058,0.01468764971733542,2018,2022
"(40,45]","(90,95]",0,3.5460881959462083,-1.8831059970023483,2018,2022
"(40,45]","(95,100]",11,19.84760862758498,-1.9859660028583854,2018,2022
"(40,45]","(100,105]",43,39.765121457798244,0.5129875469468699,2018,2022
"(40,45]","(105,110]",29,29.311970210493463,-0.05762230417230128,2018,2022
"(40,45]","(110,115]",2,4.7251522326362405,-1.2536689376047796,2018,2022
"(15,20]","(90,95]",0,0.8748739121915644,-0.9353469474967909,2018,2023
"(15,20]","(95,100]",1,5.375931970729057,-1.887311905690919,2018,2023
"(15,20]","(100,105]",30,48.83894229840272,-2.695711373536473,2018,2023
"(15,20]","(105,110]",98,169.4329995279089,-5.487820367448113,2018,2023
"(15,20]","(110,115]",83,99.93071012887613,-1.693657881246909,2018,2023
"(20,25]","(90,95]",4,12.235010956706233,-2.3543010701632228,2018,2023
"(20,25]","(95,100]",76,113.5195608941562,-3.521457049381447,2018,2023
"(20,25]","(100,105]",494,636.5969717929495,-5.651685917267669,2018,2023
"(20,25]","(105,110]",705,774.9905961804328,-2.514151686559325,2018,2023
"(20,25]","(110,115]",203,196.55748577069693,0.4595265327103246,2018,2023
"(25,30]","(90,95]",35,65.11674102626587,-3.7321719634943222,2018,2023
"(25,30]","(95,100]",344,402.4714611126711,-2.914582823494808,2018,2023
"(25,30]","(100,105]",946,1021.3367308674794,-2.357340378360999,2018,2023
"(25,30]","(105,110]",709,705.6674011533906,0.12545356641168215,2018,2023
"(25,30]","(110,115]",118,115.56813757622345,0.2262142426250441,2018,2023
"(30,35]","(90,95]",57,80.73633146753362,-2.641673211519672,2018,2023
"(30,35]","(95,100]",264,330.0151740596801,-3.6339321826382225,2018,2023
"(30,35]","(100,105]",632,677.794911042122,-1.7590090255007353,2018,2023
"(30,35]","(105,110]",388,392.4261691307867,-0.22343387862181133,2018,2023
"(30,35]","(110,115]",53,53.69066042124055,-0.09425734360881594,2018,2023
"(35,40]","(90,95]",18,23.79136129203709,-1.1873288294376818,2018,2023
"(35,40]","(95,100]",106,117.48280965628419,-1.059402524929567,2018,2023
"(35,40]","(100,105]",200,210.5762729418232,-0.7288328396255809,2018,2023
"(35,40]","(105,110]",138,145.3951789282154,-0.6133010146650607,2018,2023
"(35,40]","(110,115]",20,22.423966638417284,-0.5118826609876623,2018,2023
"(40,45]","(90,95]",3,3.8631846804008902,-0.4391683045700609,2018,2023
"(40,45]","(95,100]",21,19.733681626217173,0.2850616861978816,2018,2023
"(40,45]","(100,105]",28,42.54486365699382,-2.229903588585375,2018,2023
"(40,45]","(105,110]",37,36.01549965395477,0.16404807969031626,2018,2023
"(40,45]","(110,115]",3,3.2338041434679834,-0.13001556477731804,2018,2023
"(15,20]","(90,95]",0,0.2312054198615516,-0.48083824708684686,2019,2020
"(15,20]","(95,100]",1,2.077716772232904,-0.7476726061918972,2019,2020
"(15,20]","(100,105]",6,20.06146000567098,-3.1394180274504873,2019,2020
"(15,20]","(105,110]",46,58.87451093009462,-1.6779039021482556,2019,2020
"(15,20]","(110,115]",23,32.331176314778254,-1.6410644691172447,2019,2020
"(20,25]","(90,95]",3,4.187000115751198,-0.5800952039341365,2019,2020
"(20,25]","(95,100]",42,62.40729240916595,-2.5832576073169715,2019,2020
"(20,25]","(100,105]",194,286.1129265799356,-5.445676530122224,2019,2020
"(20,25]","(105,110]",239,267.9578343720617,-1.7690204368859501,2019,2020
"(20,25]","(110,115]",52,57.02649014587773,-0.6656202320604062,2019,2020
"(25,30]","(90,95]",18,24.095539399686672,-1.2417775853135615,2019,2020
"(25,30]","(95,100]",164,169.6161462278152,-0.4312258741421231,2019,2020
"(25,30]","(100,105]",403,414.57482768645514,-0.5684772247675922,2019,2020
"(25,30]","(105,110]",238,234.13091368866617,0.25285936214616817,2019,2020
"(25,30]","(110,115]",39,38.60871170768286,0.06297297318892495,2019,2020
"(30,35]","(90,95]",32,31.823423902516264,0.03130101800079299,2019,2020
"(30,35]","(95,100]",147,136.8324425826209,0.8692047556708431,2019,2020
"(30,35]","(100,105]",235,238.63846322726826,-0.23553083308450884,2019,2020
"(30,35]","(105,110]",132,128.48847069101328,0.3097877337498534,2019,2020
"(30,35]","(110,115]",19,18.728602842324964,0.06271228208664335,2019,2020
"(35,40]","(90,95]",12,12.05809443192239,-0.016729970260903473,2019,2020
"(35,40]","(95,100]",60,51.52795474493845,1.18023044822354,2019,2020
"(35,40]","(100,105]",75,83.78481769339268,-0.9597322500774486,2019,2020
"(35,40]","(105,110]",51,45.74810779075445,0.7764781444097824,2019,2020
"(35,40]","(110,115]",5,4.721613797567854,0.128115736051478,2019,2020
"(40,45]","(90,95]",1,1.4709335069488536,-0.3882961380327324,2019,2020
"(40,45]","(95,100]",13,10.884788946775268,0.6411264598328619,2019,2020
"(40,45]","(100,105]",17,16.704528232703403,0.07229343862522337,2019,2020
"(40,45]","(105,110]",15,10.793490622855892,1.2803859565708755,2019,2020
"(15,20]","(90,95]",0,0.6056701254919262,-0.7782481130667304,2019,2021
"(15,20]","(95,100]",2,6.238436207249886,-1.6969450593871434,2019,2021
"(15,20]","(100,105]",15,54.22848369328248,-5.327062485683923,2019,2021
"(15,20]","(105,110]",127,199.226793378413,-5.117106568523603,2019,2021
"(15,20]","(110,115]",79,108.01773445669443,-2.7920035748169534,2019,2021
"(20,25]","(90,95]",3,11.967196994233413,-2.592152156378201,2019,2021
"(20,25]","(95,100]",81,147.40985248321587,-5.4697724535280035,2019,2021
"(20,25]","(100,105]",501,745.7596013121205,-8.962729933781516,2019,2021
"(20,25]","(105,110]",683,819.4410236539288,-4.766352062029653,2019,2021
"(20,25]","(110,115]",211,210.7598607565429,0.016541282796935078,2019,2021
"(25,30]","(90,95]",37,64.68927868433317,-3.4426707374874863,2019,2021
"(25,30]","(95,100]",327,458.7900091674861,-6.152838448668284,2019,2021
"(25,30]","(100,105]",910,1075.5972138302416,-5.049265312787763,2019,2021
"(25,30]","(105,110]",680,702.7539672300364,-0.8583323384844059,2019,2021
"(25,30]","(110,115]",144,142.63591170015098,0.11421628828624968,2019,2021
"(30,35]","(90,95]",62,74.08926782404987,-1.4045019532494338,2019,2021
"(30,35]","(95,100]",263,368.5416626327198,-5.497694919162146,2019,2021
"(30,35]","(100,105]",618,672.3843878700812,-2.0973235536757184,2019,2021
"(30,35]","(105,110]",408,400.8255093889233,0.3583549394348004,2019,2021
"(30,35]","(110,115]",71,71.77505172598502,-0.09148374415545121,2019,2021
"(35,40]","(90,95]",22,33.08451468335734,-1.9271002104714108,2019,2021
"(35,40]","(95,100]",106,129.58606243768827,-2.071935812287057,2019,2021
"(35,40]","(100,105]",238,243.3725339220019,-0.34438433172190225,2019,2021
"(35,40]","(105,110]",142,151.55861115221813,-0.7764338952733927,2019,2021
"(35,40]","(110,115]",21,19.54017298498265,0.33024571724511986,2019,2021
"(40,45]","(90,95]",1,3.8136907142268837,-1.4407997439506637,2019,2021
"(40,45]","(95,100]",26,27.239713279970424,-0.23753083063942057,2019,2021
"(40,45]","(100,105]",49,53.25112699678255,-0.5825586797689626,2019,2021
"(40,45]","(105,110]",25,27.324049091428954,-0.4446033892620619,2019,2021
"(40,45]","(110,115]",5,3.70810912781446,0.6708873087940441,2019,2021
"(15,20]","(90,95]",1,0.602887382186054,0.5114410572485241,2019,2022
"(15,20]","(95,100]",2,6.103882468799773,-1.6610849110187051,2019,2022
"(15,20]","(100,105]",13,55.08075221424337,-5.670006583333518,2019,2022
"(15,20]","(105,110]",93,187.64322621909514,-6.909125644596714,2019,2022
"(15,20]","(110,115]",49,86.0463683803949,-3.9937361388645636,2019,2022
"(20,25]","(90,95]",1,13.188954343601841,-3.3563038250128217,2019,2022
"(20,25]","(95,100]",72,158.02832457311715,-6.843432644243155,2019,2022
"(20,25]","(100,105]",405,724.4700703918068,-11.869159150835852,2019,2022
"(20,25]","(105,110]",632,768.7944915865527,-4.933594805721912,2019,2022
"(20,25]","(110,115]",184,192.22711240671848,-0.5933898454212498,2019,2022
"(25,30]","(90,95]",35,66.08431581818385,-3.8237731009333173,2019,2022
"(25,30]","(95,100]",274,495.5286261188736,-9.951658856766112,2019,2022
"(25,30]","(100,105]",860,1121.761042352891,-7.815465219631542,2019,2022
"(25,30]","(105,110]",640,653.8946757556175,-0.5433685725345094,2019,2022
"(25,30]","(110,115]",94,93.1321407582322,0.08992894523524146,2019,2022
"(30,35]","(90,95]",43,78.2926916534065,-3.988633841870511,2019,2022
"(30,35]","(95,100]",254,369.46125192267414,-6.0069195205310475,2019,2022
"(30,35]","(100,105]",582,702.2610600904013,-4.538117474545655,2019,2022
"(30,35]","(105,110]",338,359.2160301824878,-1.1194024937028628,2019,2022
"(30,35]","(110,115]",61,64.74948590267151,-0.4659652854158282,2019,2022
"(35,40]","(90,95]",17,35.92512954524402,-3.157473320102147,2019,2022
"(35,40]","(95,100]",125,140.81722332252878,-1.3329147018497782,2019,2022
"(35,40]","(100,105]",190,213.61805757901686,-1.6159398691712117,2019,2022
"(35,40]","(105,110]",118,130.78139517447116,-1.1176486027117456,2019,2022
"(35,40]","(110,115]",14,14.019602745777417,-0.0052353901769742126,2019,2022
"(40,45]","(90,95]",0,4.109714322290676,-2.0272430348359016,2019,2022
"(40,45]","(95,100]",11,28.135763763228347,-3.2305324801149458,2019,2022
"(40,45]","(100,105]",43,47.559892166011146,-0.6612019744982207,2019,2022
"(40,45]","(105,110]",29,29.926278045045763,-0.16932263449563315,2019,2022
"(40,45]","(110,115]",2,4.588420010257717,-1.2083789911217624,2019,2022
"(15,20]","(90,95]",0,0.5190999072196958,-0.720485882734489,2019,2023
"(15,20]","(95,100]",1,6.2173616291610765,-2.0924152450405966,2019,2023
"(15,20]","(100,105]",30,61.06244610337696,-3.9751045322221703,2019,2023
"(15,20]","(105,110]",98,202.81252076117428,-7.359796132953754,2019,2023
"(15,20]","(110,115]",83,108.64862212821826,-2.460661803406033,2019,2023
"(20,25]","(90,95]",4,12.725984516140933,-2.4460692201726553,2019,2023
"(20,25]","(95,100]",76,153.6522332291405,-6.264472568921779,2019,2023
"(20,25]","(100,105]",494,773.2840014242721,-10.04330254569921,2019,2023
"(20,25]","(105,110]",705,849.598749553883,-4.960867242469904,2019,2023
"(20,25]","(110,115]",203,204.76781952259486,-0.12353985088091438,2019,2023
"(25,30]","(90,95]",35,70.4118491863775,-4.220129042018611,2019,2023
"(25,30]","(95,100]",344,496.02535143352355,-6.825965348659909,2019,2023
"(25,30]","(100,105]",946,1150.8602032528604,-6.03873974615543,2019,2023
"(25,30]","(105,110]",709,729.3141871055224,-0.7522152214223923,2019,2023
"(25,30]","(110,115]",118,116.87241947725994,0.1043017386820696,2019,2023
"(30,35]","(90,95]",57,88.70882744587443,-3.3666406523923427,2019,2023
"(30,35]","(95,100]",264,367.3376660036932,-5.391702453053327,2019,2023
"(30,35]","(100,105]",632,738.1189216997484,-3.9059767966949392,2019,2023
"(30,35]","(105,110]",388,402.8899498076055,-0.741822525922837,2019,2023
"(30,35]","(110,115]",53,54.10879053923864,-0.15073551823385675,2019,2023
"(35,40]","(90,95]",18,31.510948081956677,-2.4068836128519218,2019,2023
"(35,40]","(95,100]",106,144.01991723311204,-3.1681073466801846,2019,2023
"(35,40]","(100,105]",200,229.79722990947934,-1.9656378094934794,2019,2023
"(35,40]","(105,110]",138,147.55422141545276,-0.7865375883755603,2019,2023
"(35,40]","(110,115]",20,22.534549739793576,-0.5339202296275257,2019,2023
"(40,45]","(90,95]",3,4.487557331613616,-0.7022127453364175,2019,2023
"(40,45]","(95,100]",21,27.935882841491296,-1.3122619860217304,2019,2023
"(40,45]","(100,105]",28,51.39548439493455,-3.2633943683873237,2019,2023
"(40,45]","(105,110]",37,36.76710968060009,0.03840799984218479,2019,2023
"(40,45]","(110,115]",3,3.1925508315505233,-0.10776469103318796,2019,2023
"(15,20]","(90,95]",0,0.07808642573725127,-0.2794394849287611,2020,2021
"(15,20]","(95,100]",2,1.382321208123847,0.5253614529941826,2020,2021
"(15,20]","(100,105]",15,21.547324666431354,-1.4104808669225086,2020,2021
"(15,20]","(105,110]",127,134.21663363688288,-0.6229188703414357,2020,2021
"(15,20]","(110,115]",79,89.77021462821259,-1.1367323671766187,2020,2021
"(20,25]","(90,95]",3,5.03163006774141,-0.9057123294630303,2020,2021
"(20,25]","(95,100]",81,73.95894445679694,0.8187332311686949,2020,2021
"(20,25]","(100,105]",501,520.959932937368,-0.8744941655542078,2020,2021
"(20,25]","(105,110]",683,737.6636511434236,-2.012655498975598,2020,2021
"(20,25]","(110,115]",211,206.93384779080387,0.28266228475712774,2020,2021
"(25,30]","(90,95]",37,60.09111770693479,-2.9787894983092316,2020,2021
"(25,30]","(95,100]",327,425.8554220530205,-4.790373807519841,2020,2021
"(25,30]","(100,105]",910,1052.2853098918094,-4.386249283548006,2020,2021
"(25,30]","(105,110]",680,706.670304845748,-1.0032740026168052,2020,2021
"(25,30]","(110,115]",144,143.13431765649275,0.072358019895811,2020,2021
"(30,35]","(90,95]",62,78.10674649945634,-1.8224832669320654,2020,2021
"(30,35]","(95,100]",263,386.1444259486088,-6.266713980773196,2020,2021
"(30,35]","(100,105]",618,688.0399324672803,-2.6701699028186776,2020,2021
"(30,35]","(105,110]",408,415.2508032154294,-0.35582042828229876,2020,2021
"(30,35]","(110,115]",71,72.5878258545091,-0.18636784136074985,2020,2021
"(35,40]","(90,95]",22,31.95072181900834,-1.7604117081990267,2020,2021
"(35,40]","(95,100]",106,133.43676760957354,-2.375172674865243,2020,2021
"(35,40]","(100,105]",238,237.53941846308294,0.029883996728536366,2020,2021
"(35,40]","(105,110]",142,166.90102738621547,-1.9274705932832306,2020,2021
"(35,40]","(110,115]",21,20.505954453009544,0.10910056382356745,2020,2021
"(40,45]","(90,95]",1,3.8602134353672373,-1.4557700604032142,2020,2021
"(40,45]","(95,100]",26,34.61992136072094,-1.4650089074545614,2020,2021
"(40,45]","(100,105]",49,57.31386766492983,-1.0981792894533464,2020,2021
"(40,45]","(105,110]",25,32.073704998493184,-1.2490285884279728,2020,2021
"(40,45]","(110,115]",5,4.301314889261516,0.33688437591445947,2020,2021
"(15,20]","(90,95]",1,0.07832709325941056,3.2932205458896346,2020,2022
"(15,20]","(95,100]",2,1.3499890062620081,0.5594426676066727,2020,2022
"(15,20]","(100,105]",13,22.12882806060571,-1.9405990754425768,2020,2022
"(15,20]","(105,110]",93,125.08256780242283,-2.868604838769039,2020,2022
"(15,20]","(110,115]",49,70.89933510718846,-2.600817316580664,2020,2022
"(20,25]","(90,95]",1,5.6615293319590165,-1.9591222655999647,2020,2022
"(20,25]","(95,100]",72,80.3426013704355,-0.9307403620617336,2020,2022
"(20,25]","(100,105]",405,504.718403087475,-4.438648403668137,2020,2022
"(20,25]","(105,110]",632,688.4643117767752,-2.151955680597859,2020,2022
"(20,25]","(110,115]",184,188.53625793531612,-0.3303697688251408,2020,2022
"(25,30]","(90,95]",35,61.43854306637071,-3.3730056203432146,2020,2022
"(25,30]","(95,100]",274,459.8045274403008,-8.665022015903437,2020,2022
"(25,30]","(100,105]",860,1095.2100565062005,-7.107341360111751,2020,2022
"(25,30]","(105,110]",640,657.4774182254589,-0.6816114201227542,2020,2022
"(25,30]","(110,115]",94,93.41563830616637,0.060460529515226666,2020,2022
"(30,35]","(90,95]",43,82.994562847108,-4.390117390490194,2020,2022
"(30,35]","(95,100]",254,387.3116555768422,-6.773885299527147,2020,2022
"(30,35]","(100,105]",582,718.1288799156492,-5.079828787255217,2020,2022
"(30,35]","(105,110]",338,373.4537402317562,-1.8346095573946364,2020,2022
"(30,35]","(110,115]",61,65.5893415632818,-0.5666745988275951,2020,2022
"(35,40]","(90,95]",17,34.6978174463103,-3.004475259486225,2020,2022
"(35,40]","(95,100]",125,145.20116394260182,-1.6764528532879726,2020,2022
"(35,40]","(100,105]",190,207.20573963821633,-1.1952877155697725,2020,2022
"(35,40]","(105,110]",118,143.901805230653,-2.1592200896246987,2020,2022
"(35,40]","(110,115]",14,14.68627234979738,-0.1790773720333975,2020,2022
"(40,45]","(90,95]",0,4.173703942614622,-2.0429644986182756,2020,2022
"(40,45]","(95,100]",11,35.77876497377094,-4.14254260529864,2020,2022
"(40,45]","(100,105]",43,51.34432722040676,-1.1645150152949724,2020,2022
"(40,45]","(105,110]",29,35.15668946164944,-1.0383487926234074,2020,2022
"(40,45]","(110,115]",2,5.213558825036259,-1.4074050828476565,2020,2022
"(15,20]","(90,95]",0,0.0657396291007672,-0.2563974046295461,2020,2023
"(15,20]","(95,100]",1,1.3787160286286373,-0.32253457293753945,2020,2023
"(15,20]","(100,105]",30,24.178173809482715,1.1839885102274945,2020,2023
"(15,20]","(105,110]",98,134.2433196612328,-3.1281072001832135,2020,2023
"(15,20]","(110,115]",83,90.62467261906865,-0.8009362973506627,2020,2023
"(20,25]","(90,95]",4,5.473910298749432,-0.6299734044789299,2020,2023
"(20,25]","(95,100]",76,77.1435838242422,-0.13020213279480342,2020,2023
"(20,25]","(100,105]",494,540.7602421859002,-2.0108254577221487,2020,2023
"(20,25]","(105,110]",705,764.5174631375646,-2.152537403124151,2020,2023
"(20,25]","(110,115]",203,200.39635969770006,0.18392301238463712,2020,2023
"(25,30]","(90,95]",35,65.45211106339053,-3.7640516637392496,2020,2023
"(25,30]","(95,100]",344,458.28016313531543,-5.338328832985364,2020,2023
"(25,30]","(100,105]",946,1126.3716214551573,-5.374367489484762,2020,2023
"(25,30]","(105,110]",709,733.2986667139311,-0.8973089437305284,2020,2023
"(25,30]","(110,115]",118,117.23510721003501,0.07064342138593713,2020,2023
"(30,35]","(90,95]",57,94.11051149779883,-3.82540898323521,2020,2023
"(30,35]","(95,100]",264,384.69616126899376,-6.153674653968482,2020,2023
"(30,35]","(100,105]",632,755.7361930030735,-4.501027218111707,2020,2023
"(30,35]","(105,110]",388,417.7678437475379,-1.4563973267119525,2020,2023
"(30,35]","(110,115]",53,54.70059583902807,-0.22993500018050225,2020,2023
"(35,40]","(90,95]",18,30.258792161759516,-2.22854746203477,2020,2023
"(35,40]","(95,100]",106,148.13378454112436,-3.461811456838656,2020,2023
"(35,40]","(100,105]",200,223.2876959688899,-1.558454496594189,2020,2023
"(35,40]","(105,110]",138,162.4740091178043,-1.9200527883049339,2020,2023
"(35,40]","(110,115]",20,23.5211903182463,-0.7260388347335434,2020,2023
"(40,45]","(90,95]",3,4.579911113161839,-0.73825114514208,2020,2023
"(40,45]","(95,100]",21,35.356219727955775,-2.4143886712651357,2020,2023
"(40,45]","(100,105]",28,55.498871603986224,-3.6912443620974105,2020,2023
"(40,45]","(105,110]",37,43.11093543021914,-0.9307091245232142,2020,2023
"(40,45]","(110,115]",3,3.6293703769655856,-0.33036243059494835,2020,2023
"(15,20]","(90,95]",1,0.08761708012651447,3.082355729782309,2021,2022
"(15,20]","(95,100]",2,1.6392101403092056,0.28179741625270305,2021,2022
"(15,20]","(100,105]",13,21.81048974900338,-1.8865457491235271,2021,2022
"(15,20]","(105,110]",93,106.55115781051008,-1.3127962161608357,2021,2022
"(15,20]","(110,115]",49,66.07621226386114,-2.100723891990994,2021,2022
"(20,25]","(90,95]",1,5.301840300813523,-1.868275690145889,2021,2022
"(20,25]","(95,100]",72,79.6728728867844,-0.8596125843660081,2021,2022
"(20,25]","(100,105]",405,472.0253869746407,-3.085010536167297,2021,2022
"(20,25]","(105,110]",632,653.0790386276578,-0.8248366074283165,2021,2022
"(20,25]","(110,115]",184,186.65625716316254,-0.19442353805659104,2021,2022
"(25,30]","(90,95]",35,38.94753273440779,-0.6325367524766474,2021,2022
"(25,30]","(95,100]",274,347.2037194313138,-3.928628504348422,2021,2022
"(25,30]","(100,105]",860,952.7613295281851,-3.0052105429276263,2021,2022
"(25,30]","(105,110]",640,634.0889173033673,0.2347426234668746,2021,2022
"(25,30]","(110,115]",94,92.86843201267487,0.1174212220742456,2021,2022
"(30,35]","(90,95]",43,52.110440013042336,-1.262051225095597,2021,2022
"(30,35]","(95,100]",254,296.1584201017696,-2.4497529250766243,2021,2022
"(30,35]","(100,105]",582,645.2003322735612,-2.4881242864993642,2021,2022
"(30,35]","(105,110]",338,357.772893318789,-1.0453615129307319,2021,2022
"(30,35]","(110,115]",61,65.01899942361361,-0.4984226879614065,2021,2022
"(35,40]","(90,95]",17,24.982233957151266,-1.5970143447855358,2021,2022
"(35,40]","(95,100]",125,108.41529393699464,1.5928046062167152,2021,2022
"(35,40]","(100,105]",190,199.09962782504817,-0.6448941033289709,2021,2022
"(35,40]","(105,110]",118,134.96272339472932,-1.4601203828650546,2021,2022
"(35,40]","(110,115]",14,14.352664421020512,-0.09308836065580413,2021,2022
"(40,45]","(90,95]",0,3.875973885718529,-1.9687493201823663,2021,2022
"(40,45]","(95,100]",11,20.742015772511383,-2.1390618800558934,2021,2022
"(40,45]","(100,105]",43,42.34808959297419,0.10017768756778381,2021,2022
"(40,45]","(105,110]",29,31.956568979471545,-0.5230075320969481,2021,2022
"(40,45]","(110,115]",2,5.028578444372878,-1.3505672437981397,2021,2022
"(15,20]","(90,95]",0,0.07302745241438142,-0.27023591991883944,2021,2023
"(15,20]","(95,100]",1,1.6709275957949479,-0.5190352328120299,2021,2023
"(15,20]","(100,105]",30,23.989652307960636,1.2271216528079518,2021,2023
"(15,20]","(105,110]",98,114.24842995529929,-1.520149434543187,2021,2023
"(15,20]","(110,115]",83,85.67184615552407,-0.28866384031623743,2021,2023
"(20,25]","(90,95]",4,5.1504976447710975,-0.506945342625972,2021,2023
"(20,25]","(95,100]",76,77.01568541134483,-0.1157363074515633,2021,2023
"(20,25]","(100,105]",494,505.5773026789951,-0.5148889877875988,2021,2023
"(20,25]","(105,110]",705,725.2534229236817,-0.7520618141204742,2021,2023
"(20,25]","(110,115]",203,198.32823059535394,0.33173334622547085,2021,2023
"(25,30]","(90,95]",35,41.614813360814914,-1.025400723028074,2021,2023
"(25,30]","(95,100]",344,345.9738093166858,-0.10611666261523663,2021,2023
"(25,30]","(100,105]",946,979.7080088878276,-1.0769232932235453,2021,2023
"(25,30]","(105,110]",709,707.870553408607,0.04245108314474296,2021,2023
"(25,30]","(110,115]",118,116.52541012283179,0.13660321733183994,2021,2023
"(30,35]","(90,95]",57,58.90313786998365,-0.2479710812598847,2021,2023
"(30,35]","(95,100]",264,294.9188365225115,-1.8004119509335297,2021,2023
"(30,35]","(100,105]",632,678.2410418831062,-1.775560920053928,2021,2023
"(30,35]","(105,110]",388,400.54465212449486,-0.6268060123582825,2021,2023
"(30,35]","(110,115]",53,54.2725296025226,-0.1727340126537136,2021,2023
"(35,40]","(90,95]",18,21.930167091525423,-0.8392474773611692,2021,2023
"(35,40]","(95,100]",106,111.0131987127259,-0.47580347683028257,2021,2023
"(35,40]","(100,105]",200,214.83512907847515,-1.0121355538805696,2021,2023
"(35,40]","(105,110]",138,152.3508843650075,-1.1626692199225774,2021,2023
"(35,40]","(110,115]",20,23.02810609131503,-0.6310183315950172,2021,2023
"(40,45]","(90,95]",3,4.2191662404577475,-0.5935394767770252,2021,2023
"(40,45]","(95,100]",21,20.60499283995982,0.08701993086073632,2021,2023
"(40,45]","(100,105]",28,45.319357858147185,-2.5727045348900304,2021,2023
"(40,45]","(105,110]",37,39.27916767611371,-0.36365966866801985,2021,2023
"(40,45]","(110,115]",3,3.451753100590105,-0.2431539226655202,2021,2023
"(15,20]","(90,95]",0,0.11213828038160026,-0.3348705427200193,2022,2023
"(15,20]","(95,100]",1,1.5965557877319299,-0.4721271921199307,2022,2023
"(15,20]","(100,105]",30,21.660239306052176,1.7919338096381912,2022,2023
"(15,20]","(105,110]",98,105.36459691334163,-0.7174664980000267,2022,2023
"(15,20]","(110,115]",83,75.07636816633024,0.9144767334750143,2022,2023
"(20,25]","(90,95]",4,4.992139265451846,-0.4440473592801462,2022,2023
"(20,25]","(95,100]",76,63.34116050044822,1.5905630363468595,2022,2023
"(20,25]","(100,105]",494,447.0393865358905,2.221062948861022,2022,2023
"(20,25]","(105,110]",705,692.0221664084384,0.49333530712300316,2022,2023
"(20,25]","(110,115]",203,192.62881120768816,0.7472534310724408,2022,2023
"(25,30]","(90,95]",35,30.94567221891713,0.7288176754758036,2022,2023
"(25,30]","(95,100]",344,275.54404488222343,4.123972110109192,2022,2023
"(25,30]","(100,105]",946,888.6017164551387,1.9255080180607007,2022,2023
"(25,30]","(105,110]",709,688.40700879347,0.78486830659523,2022,2023
"(25,30]","(110,115]",118,115.41809453763052,0.24032745434936265,2022,2023
"(30,35]","(90,95]",57,42.74450932334774,2.1804292651091868,2022,2023
"(30,35]","(95,100]",264,253.7054539119505,0.6463121206731701,2022,2023
"(30,35]","(100,105]",632,633.6271400973413,-0.06464099933583187,2022,2023
"(30,35]","(105,110]",388,385.7410015397637,0.1150185883307417,2022,2023
"(30,35]","(110,115]",53,53.563637749566354,-0.07701317709432481,2022,2023
"(35,40]","(90,95]",18,18.484863068198006,-0.11277451978805396,2022,2023
"(35,40]","(95,100]",106,106.39066292742159,-0.03787480823327676,2022,2023
"(35,40]","(100,105]",200,204.93263366855865,-0.3445666989657707,2022,2023
"(35,40]","(105,110]",138,138.82851068543283,-0.07031674869231545,2022,2023
"(35,40]","(110,115]",20,21.976244051351884,-0.4215643148320276,2022,2023
"(40,45]","(90,95]",3,3.880402628593471,-0.4469335277562195,2022,2023
"(40,45]","(95,100]",21,18.793641124930026,0.5089448091165883,2022,2023
"(40,45]","(100,105]",28,37.06265500916068,-1.4886314306163906,2022,2023
"(40,45]","(105,110]",37,28.570476171723083,1.5770457897860608,2022,2023
"(40,45]","(110,115]",3,2.8114132508707703,0.1124731427489117,2022,2023
